urls,source
https://www.newzealandgirls.co.nz/auckland/escorts/nzgirls.php,nzg
https://www.newzealandgirls.co.nz/northland/escorts/nzgirls.php,nzg
https://www.newzealandgirls.co.nz/hamilton/escorts/nzgirls.php,nzg
https://www.newzealandgirls.co.nz/rotorua/escorts/nzgirls.php,nzg
https://www.newzealandgirls.co.nz/tauranga/escorts/nzgirls.php,nzg
https://www.newzealandgirls.co.nz/wellington/escorts/nzgirls.php,nzg
https://www.newzealandgirls.co.nz/christchurch/escorts/nzgirls.php,nzg
https://www.newzealandgirls.co.nz/dunedin/escorts/nzgirls.php,nzg
https://escortify.co.nz/auckland-escorts,escortify
https://escortify.co.nz/wellington-escorts,escortify
https://escortify.co.nz/escorts-christchurch,escortify
https://escortify.co.nz/hamilton-escorts,escortify
https://escortify.co.nz/central-nth-island-escorts,escortify
https://escortify.co.nz/south-island-escorts,escortify
https://escortify.co.nz/tauranga-escorts,escortify
https://escortify.co.nz/northland-escorts,escortify